name,price,old_price,link,image,discount,phase,site
Karambit,"R$ 45.200,00","R$ 60.000,00",/csgo/facas/karambit/doppler-gama-fn?itemId=43495565552,,-25%,FASE 2,Neshastore
Canivete Borboleta,"R$ 32.000,00","R$ 43.000,00",/csgo/facas/butterfly/doppler-fn?itemId=43446999238,,-26%,FASE 1,Neshastore
Canivete Borboleta,"R$ 31.879,99","R$ 43.000,00",/csgo/facas/butterfly/stattrak-degrade-fn?itemId=43357443563,,-26%,,Neshastore
Canivete Borboleta,"R$ 18.800,00","R$ 25.800,00",/csgo/facas/butterfly/massacre-fn?itemId=43286259152,,-27%,,Neshastore
M4A1-S,"R$ 8.999,99","R$ 12.000,00",/csgo/rifles/m4a1-s/arma-esportiva-fn?itemId=43533221542,,-25%,,Neshastore
M4A1-S,"R$ 8.999,99","R$ 12.000,00",/csgo/rifles/m4a1-s/arma-esportiva-fn?itemId=43533228979,,-25%,,Neshastore
AK-47,"R$ 8.814,39","R$ 12.200,00",/csgo/rifles/ak-47/serpente-de-fogo-mw?itemId=43446999219,,-28%,,Neshastore
Canivete Borboleta,"R$ 8.510,00","R$ 12.300,00",/csgo/facas/butterfly/sabedoria-ft?itemId=43333977845,,-31%,,Neshastore
Canivete Borboleta,"R$ 7.878,00","R$ 11.000,00",/csgo/facas/butterfly/manchado-mw?itemId=43520838513,,-28%,,Neshastore
Luvas Esportivas,"R$ 7.449,00","R$ 10.000,00",/csgo/luvas/sport-gloves/vicio-ft?itemId=43446999216,,-26%,,Neshastore
Canivete Borboleta,"R$ 7.200,00","R$ 9.500,00",/csgo/facas/butterfly/stattrak-mao-livre-ft?itemId=43533973970,,-24%,,Neshastore
Faixas,"R$ 6.560,00","R$ 8.500,00",/csgo/luvas/hand-wraps/caveiras-de-cobalto-mw?itemId=43538680379,,-23%,,Neshastore
Canivete Borboleta,"R$ 6.479,99","R$ 8.500,00",/csgo/facas/butterfly/revestimento-enferrujado-bs?itemId=43495871525,,-24%,,Neshastore
Karambit,"R$ 5.568,00","R$ 7.650,00",/csgo/facas/karambit/aguas-claras-ft?itemId=42931865983,,-27%,,Neshastore
AK-47,"R$ 5.544,00","R$ 7.200,00",/csgo/rifles/ak-47/vulcan-fn?itemId=43539766990,,-23%,,Neshastore
Faca Talon,"R$ 5.476,00","R$ 7.000,00",/csgo/facas/talon-knife/dente-de-tigre-fn?itemId=43309492809,,-22%,,Neshastore
Canivete Borboleta,"R$ 5.279,99","R$ 7.000,00",/csgo/facas/butterfly/mascara-urbana-ft?itemId=43518251878,,-25%,,Neshastore
Baioneta,"R$ 5.019,99","R$ 6.500,00",/csgo/facas/bayonet/doppler-fn?itemId=43518997451,,-23%,FASE 1,Neshastore
Canivete Borboleta,"R$ 4.942,08","R$ 7.000,00",/csgo/facas/butterfly/grade-de-safari-ww?itemId=43200055570,,-29%,,Neshastore
Baioneta,"R$ 4.920,00","R$ 6.400,00",/csgo/facas/bayonet/doppler-fn?itemId=43514865972,,-23%,FASE 3,Neshastore
Baioneta,"R$ 4.920,00","R$ 6.400,00",/csgo/facas/bayonet/doppler-fn?itemId=43520247832,,-23%,FASE 3,Neshastore
Faca Esqueleto,"R$ 4.799,99","R$ 6.450,00",/csgo/facas/faca-esqueleto/dente-de-tigre-fn?itemId=43299412536,,-26%,,Neshastore
Faca Esqueleto,"R$ 4.799,99","R$ 6.450,00",/csgo/facas/faca-esqueleto/dente-de-tigre-fn?itemId=43462498699,,-26%,,Neshastore
Baioneta,"R$ 4.468,00","R$ 5.650,00",/csgo/facas/bayonet/marmore-desbotado-fn?itemId=43391245798,,-21%,,Neshastore
Luvas de Motorista,"R$ 4.399,20","R$ 6.100,00",/csgo/luvas/driver-gloves/xadrez-imperial-mw?itemId=43283978662,,-28%,,Neshastore
Faca Nômade,"R$ 4.378,80","R$ 5.650,00",/csgo/facas/faca-nomade/marmore-desbotado-fn?itemId=43466215596,,-22%,,Neshastore
Faca Esqueleto,"R$ 4.339,20","R$ 6.000,00",/csgo/facas/faca-esqueleto/--ft?itemId=43304268473,,-28%,,Neshastore
Luvas Esportivas,"R$ 4.320,00","R$ 5.750,00",/csgo/luvas/sport-gloves/faquinha-ww?itemId=43538680354,,-25%,,Neshastore
M9 Baioneta,"R$ 4.180,00","R$ 5.900,00",/csgo/facas/m9-bayonet/revestimento-enferrujado-bs?itemId=43268213899,,-29%,,Neshastore
M4A1-S,"R$ 4.132,00","R$ 5.300,00",/csgo/rifles/m4a1-s/fosforo-azul-fn?itemId=43225250864,,-22%,,Neshastore
M4A1-S,"R$ 4.132,00","R$ 5.300,00",/csgo/rifles/m4a1-s/fosforo-azul-fn?itemId=43333977890,,-22%,,Neshastore
AK-47,"R$ 4.099,99","R$ 5.450,00",/csgo/rifles/ak-47/stattrak-aquecimento-de-aco-mw?itemId=43168467657,,-25%,,Neshastore
M9 Baioneta,"R$ 3.985,92","R$ 5.500,00",/csgo/facas/m9-bayonet/noite-ft?itemId=43299808115,,-28%,,Neshastore
Faca Esqueleto,"R$ 3.939,84","R$ 5.450,00",/csgo/facas/faca-esqueleto/teia-rubra-ft?itemId=43192916744,,-28%,,Neshastore
M9 Baioneta,"R$ 3.639,99","R$ 4.850,00",/csgo/facas/m9-bayonet/brasas-ft?itemId=43514636196,,-25%,,Neshastore
Faca Caçador,"R$ 3.318,37","R$ 4.400,00",/csgo/facas/huntsman/doppler-gama-fn?itemId=43011466778,,-25%,FASE 2,Neshastore
Faca Kukri,"R$ 3.280,00","R$ 4.400,00",/csgo/facas/faca-kukri/degrade-fn?itemId=43494028373,,-25%,,Neshastore
AK-47,"R$ 3.279,99","R$ 4.300,00",/csgo/rifles/ak-47/vulcan-mw?itemId=43465734809,,-24%,,Neshastore
Faca Nômade,"R$ 3.199,99","R$ 4.250,00",/csgo/facas/faca-nomade/massacre-mw?itemId=43514150936,,-25%,,Neshastore
Faca Talon,"R$ 3.195,50","R$ 4.050,00",/csgo/facas/talon-knife/aco-de-damasco-ft?itemId=43388422654,,-21%,,Neshastore
Canivete Falchion,"R$ 3.152,49","R$ 4.100,00",/csgo/facas/falchion/doppler-fn?itemId=43309225347,,-23%,FASE 1,Neshastore
Faixas,"R$ 3.149,99","R$ 4.000,00",/csgo/luvas/hand-wraps/caveiras-de-cobalto-ft?itemId=43499099005,,-21%,,Neshastore
M4A1-S,"R$ 3.044,00","R$ 3.900,00",/csgo/rifles/m4a1-s/degrade-fn?itemId=43304608390,,-22%,,Neshastore
Baioneta,"R$ 3.024,00","R$ 3.850,00",/csgo/facas/bayonet/sabedoria-ft?itemId=43202742417,,-21%,,Neshastore
Canivete Flip,"R$ 3.017,60","R$ 3.900,00",/csgo/facas/flip-knife/teia-rubra-mw?itemId=43536788253,,-23%,,Neshastore
Faca Talon,"R$ 2.999,99","R$ 4.050,00",/csgo/facas/talon-knife/teia-rubra-ft?itemId=43280997786,,-26%,,Neshastore
Faca Talon,"R$ 2.983,68","R$ 4.000,00",/csgo/facas/talon-knife/ultravioleta-ft?itemId=43079697370,,-25%,,Neshastore
Faca Talon,"R$ 2.921,52","R$ 4.000,00",/csgo/facas/talon-knife/ultravioleta-ft?itemId=43217021019,,-27%,,Neshastore
FN,R$ 507Â 536.36,,,https://cs.money/assets/rs:fit:140:105:0/q:100/f:webp/dpr:1/plain/https://steamcommunity-a.akamaihd.net/economy/image/-9a81dlWLwJ2UUGcVs_nsVtzdOEdtWwKGZZLQHTxDZ7I56KU0Zwwo4NUX4oFJZEHLbXH5ApeO4YmlhxYQknCRvCo04DAQ1JmMR1osbaqPQJz7ODYfi9W9eOxhoWOmcj4OrzZgiUGvpEn3-yUp9usiVXtqEJsZ2nycIaWdlU8aFHT_AO5yOu6hMTuvJic1zI97ZFyOF04,,,CS.Money
EMS Katowice 2014 Challengers,R$ 170Â 486.97,,,https://steamcommunity-a.akamaihd.net/economy/image/-9a81dlWLwJ2UUGcVs_nsVtzdOEdtWwKGZZLQHTxDZ7I56KU0Zwwo4NUX4oFJZEHLbXU5A1PIYQNqhpOSV-fRPasw8rsQEl9Jg9SpIW1KgRr7PjJZW8SvYiJxNHFxaajauOClG1SucYo3bqQotWl21Xm_hE5Mjv1Io6QdANvNVzR_QToyfCv28GZlomvBA,,,CS.Money
EMS Katowice 2014 Challengers,R$ 198Â 901.47,,,https://steamcommunity-a.akamaihd.net/economy/image/-9a81dlWLwJ2UUGcVs_nsVtzdOEdtWwKGZZLQHTxDZ7I56KU0Zwwo4NUX4oFJZEHLbXU5A1PIYQNqhpOSV-fRPasw8rsQEl9Jg9SpIW1KgRr7PjJZW8SvYiJxNHFxaajauOClG1SucYo3bqQotWl21Xm_hE5Mjv1Io6QdANvNVzR_QToyfCv28GZlomvBA,,,CS.Money
FN,R$ 125Â 018.10,,,https://cs.money/assets/rs:fit:140:105:0/q:100/f:webp/dpr:1/plain/https://steamcommunity-a.akamaihd.net/economy/image/-9a81dlWLwJ2UUGcVs_nsVtzdOEdtWwKGZZLQHTxDZ7I56KU0Zwwo4NUX4oFJZEHLbXH5ApeO4YmlhxYQknCRvCo04DEVlxkKgpovbSsLQJf0ebcZThQ6tCvq4GGqPL5NqnQmm9u5cRjiOXE_JbwjGu4ohQ0J3f7ItKdI1U3NFGFrAXrxLzrh8e6usibnCAx73FxtivYyhey104Zaedum7XAHh4AoVRq,,,CS.Money
FN,R$ 130Â 700.99,,,https://cs.money/assets/rs:fit:140:105:0/q:100/f:webp/dpr:1/plain/https://steamcommunity-a.akamaihd.net/economy/image/-9a81dlWLwJ2UUGcVs_nsVtzdOEdtWwKGZZLQHTxDZ7I56KU0Zwwo4NUX4oFJZEHLbXH5ApeO4YmlhxYQknCRvCo04DEVlxkKgpovbSsLQJf0ebcZThQ6tCvq4GGqPL5NqnQmm9u5cRjiOXE_JbwjGu4ohQ0J3f7ItKdI1U3NFGFrAXrxLzrh8e6usibnCAx73FxtivYyhey104Zaedum7XAHh4AoVRq,,,CS.Money
FN,R$ 142Â 072.48,,,https://cs.money/assets/rs:fit:140:105:0/q:100/f:webp/dpr:1/plain/https://steamcommunity-a.akamaihd.net/economy/image/-9a81dlWLwJ2UUGcVs_nsVtzdOEdtWwKGZZLQHTxDZ7I56KU0Zwwo4NUX4oFJZEHLbXH5ApeO4YmlhxYQknCRvCo04DEVlxkKgpovbSsLQJf0ebcZThQ6tCvq4GGqPL5NqnQmm9u5cRjiOXE_JbwjGu4ohQ0J3f7ItKdI1U3NFGFrAXrxLzrh8e6usibnCAx73FxtivYyhey104Zaedum7XAHh4AoVRq,,,CS.Money
Sticker | Vox Eminor (Holo) | Katowice 2014,R$ 130Â 706.62,,,https://steamcommunity-a.akamaihd.net/economy/image/-9a81dlWLwJ2UUGcVs_nsVtzdOEdtWwKGZZLQHTxDZ7I56KU0Zwwo4NUX4oFJZEHLbXQ9QVcJY8gulRYQV_bRvCiwMbQVg8kdFAYoLW9Lgpp3fzaTjVN4NP4kdeJz_P2arjXxm5Sv5Aj0rvAo9miiVG38ktpYmrwddDAdg83ZlnQqU_-n7mzJ7zSUw,,,CS.Money
Sticker | Vox Eminor (Holo) | Katowice 2014,R$ 164Â 804.07,,,https://steamcommunity-a.akamaihd.net/economy/image/-9a81dlWLwJ2UUGcVs_nsVtzdOEdtWwKGZZLQHTxDZ7I56KU0Zwwo4NUX4oFJZEHLbXQ9QVcJY8gulRYQV_bRvCiwMbQVg8kdFAYoLW9Lgpp3fzaTjVN4NP4kdeJz_P2arjXxm5Sv5Aj0rvAo9miiVG38ktpYmrwddDAdg83ZlnQqU_-n7mzJ7zSUw,,,CS.Money
FN,R$ 110Â 337.29,,,https://cs.money/assets/rs:fit:140:105:0/q:100/f:webp/dpr:1/plain/https://steamcommunity-a.akamaihd.net/economy/image/-9a81dlWLwJ2UUGcVs_nsVtzdOEdtWwKGZZLQHTxDZ7I56KU0Zwwo4NUX4oFJZEHLbXH5ApeO4YmlhxYQknCRvCo04DEVlxkKgpovbSsLQJf0ebcZThQ6tCvq4GGqOXhMaLum2pD6sl0g_PE8bP5gVO8v11tZGmgINfDJAU_NArYqVO8weq80ZXvuZ_Pm3NluSNz5n7dm0Phgk4YcKUx0gttBNHX,,,CS.Money
FN,R$ 110Â 816.53,,,https://cs.money/assets/rs:fit:140:105:0/q:100/f:webp/dpr:1/plain/https://steamcommunity-a.akamaihd.net/economy/image/-9a81dlWLwJ2UUGcVs_nsVtzdOEdtWwKGZZLQHTxDZ7I56KU0Zwwo4NUX4oFJZEHLbXH5ApeO4YmlhxYQknCRvCo04DEVlxkKgpovbSsLQJf0ebcZThQ6tCvq4GGqOXhMaLum2pD6sl0g_PE8bP5gVO8v11tZGmgINfDJAU_NArYqVO8weq80ZXvuZ_Pm3NluSNz5n7dm0Phgk4YcKUx0gttBNHX,,,CS.Money
FN,R$ 114Â 166.26,,,https://cs.money/assets/rs:fit:140:105:0/q:100/f:webp/dpr:1/plain/https://steamcommunity-a.akamaihd.net/economy/image/-9a81dlWLwJ2UUGcVs_nsVtzdOEdtWwKGZZLQHTxDZ7I56KU0Zwwo4NUX4oFJZEHLbXH5ApeO4YmlhxYQknCRvCo04DEVlxkKgpovbSsLQJf0ebcZThQ6tCvq4GGqOXhMaLum2pD6sl0g_PE8bP5gVO8v11tZGmgINfDJAU_NArYqVO8weq80ZXvuZ_Pm3NluSNz5n7dm0Phgk4YcKUx0gttBNHX,,,CS.Money
FN,R$ 120Â 733.76,,,https://cs.money/assets/rs:fit:140:105:0/q:100/f:webp/dpr:1/plain/https://steamcommunity-a.akamaihd.net/economy/image/-9a81dlWLwJ2UUGcVs_nsVtzdOEdtWwKGZZLQHTxDZ7I56KU0Zwwo4NUX4oFJZEHLbXH5ApeO4YmlhxYQknCRvCo04DEVlxkKgpovbSsLQJf0ebcZThQ6tCvq4GGqOXhMaLum2pD6sl0g_PE8bP5gVO8v11tZGmgINfDJAU_NArYqVO8weq80ZXvuZ_Pm3NluSNz5n7dm0Phgk4YcKUx0gttBNHX,,,CS.Money
FN,R$ 125Â 023.78,,,https://cs.money/assets/rs:fit:140:105:0/q:100/f:webp/dpr:1/plain/https://steamcommunity-a.akamaihd.net/economy/image/-9a81dlWLwJ2UUGcVs_nsVtzdOEdtWwKGZZLQHTxDZ7I56KU0Zwwo4NUX4oFJZEHLbXH5ApeO4YmlhxYQknCRvCo04DEVlxkKgpovbSsLQJf0ebcZThQ6tCvq4GGqOXhMaLum2pD6sl0g_PE8bP5gVO8v11tZGmgINfDJAU_NArYqVO8weq80ZXvuZ_Pm3NluSNz5n7dm0Phgk4YcKUx0gttBNHX,,,CS.Money
EMS Katowice 2014 Legends,R$ 139Â 230.97,,,https://steamcommunity-a.akamaihd.net/economy/image/-9a81dlWLwJ2UUGcVs_nsVtzdOEdtWwKGZZLQHTxDZ7I56KU0Zwwo4NUX4oFJZEHLbXU5A1PIYQNqhpOSV-fRPasw8rsQEl9Jg9SpIW1KgRr7PjJZW8SvYiJxNLFwKbyYb6IlztS6pV02e-U84rwiQPt_hVva2jzIY7AIVQ2ZVnV-AW2wfCv28H8FFIR5w,,,CS.Money
ST,R$ 153.38,,,https://cs.money/assets/rs:fit:140:105:0/q:100/f:webp/dpr:1/plain/https://steamcommunity-a.akamaihd.net/economy/image/-9a81dlWLwJ2UUGcVs_nsVtzdOEdtWwKGZZLQHTxDZ7I56KU0Zwwo4NUX4oFJZEHLbXH5ApeO4YmlhxYQknCRvCo04DEVlxkKgposbaqKAxf0Ob3djFN79eJg4GYg_L4MrXVqXlU6sB9teXI8oThxlaxqhE_ZGj6I9OccFQ3YwmE-1C5x-u61sC0tM7JwSAy6ydx4XqOnxepwUYbufdxgq4,,,CS.Money
ST,R$ 261.36,,,https://cs.money/assets/rs:fit:40:40:0/q:100/f:webp/dpr:1/plain/https://steamcdn-a.akamaihd.net/apps/730/icons/econ/stickers/katowice2019/nip_foil.578b5d7cb3e5cb6d80916863f0b170e666de61ff.png,,,CS.Money
ST,R$ 346.60,,,https://cs.money/assets/rs:fit:140:105:0/q:100/f:webp/dpr:1/plain/https://steamcommunity-a.akamaihd.net/economy/image/-9a81dlWLwJ2UUGcVs_nsVtzdOEdtWwKGZZLQHTxDZ7I56KU0Zwwo4NUX4oFJZEHLbXH5ApeO4YmlhxYQknCRvCo04DEVlxkKgposbaqKAxf0Ob3djFN79eJg4GYg_L4MrXVqXlU6sB9teXI8oThxlaxqhE_ZGj6I9OccFQ3YwmE-1C5x-u61sC0tM7JwSAy6ydx4XqOnxepwUYbufdxgq4,,,CS.Money
ST,R$ 408.49,,,https://cs.money/assets/rs:fit:140:105:0/q:100/f:webp/dpr:1/plain/https://steamcommunity-a.akamaihd.net/economy/image/-9a81dlWLwJ2UUGcVs_nsVtzdOEdtWwKGZZLQHTxDZ7I56KU0Zwwo4NUX4oFJZEHLbXH5ApeO4YmlhxYQknCRvCo04DEVlxkKgposbaqKAxf0Ob3djFN79eJg4GYg_L4MrXVqXlU6sB9teXI8oThxlaxqhE_ZGj6I9OccFQ3YwmE-1C5x-u61sC0tM7JwSAy6ydx4XqOnxepwUYbufdxgq4,,,CS.Money
ST,R$ 429.63,,,https://cs.money/assets/rs:fit:40:40:0/q:100/f:webp/dpr:1/plain/https://steamcdn-a.akamaihd.net/apps/730/icons/econ/stickers/cologne2015/kinguin_foil.4e27b2d88f7b5193933a03d8381af9c5ad0a5754.png,,,CS.Money
ST,R$ 471.62,,,https://cs.money/assets/rs:fit:140:105:0/q:100/f:webp/dpr:1/plain/https://steamcommunity-a.akamaihd.net/economy/image/-9a81dlWLwJ2UUGcVs_nsVtzdOEdtWwKGZZLQHTxDZ7I56KU0Zwwo4NUX4oFJZEHLbXH5ApeO4YmlhxYQknCRvCo04DEVlxkKgposbaqKAxf0Ob3djFN79eJg4GYg_L4MrXVqXlU6sB9teXI8oThxgbs_0tlajihJ4PAd1c8aAvWrwXsx-q9h8fqvZTNmic2uylz5SqJlxypwUYbBM1DXmo,,,CS.Money
ST,R$ 471.68,,,https://cs.money/assets/rs:fit:140:105:0/q:100/f:webp/dpr:1/plain/https://steamcommunity-a.akamaihd.net/economy/image/-9a81dlWLwJ2UUGcVs_nsVtzdOEdtWwKGZZLQHTxDZ7I56KU0Zwwo4NUX4oFJZEHLbXH5ApeO4YmlhxYQknCRvCo04DEVlxkKgposbaqKAxf0Ob3djFN79eJg4GYg_L4MrXVqXlU6sB9teXI8oThxgbs_0tlajihJ4PAd1c8aAvWrwXsx-q9h8fqvZTNmic2uylz5SqJlxypwUYbBM1DXmo,,,CS.Money
ST,R$ 471.68,,,https://cs.money/assets/rs:fit:140:105:0/q:100/f:webp/dpr:1/plain/https://steamcommunity-a.akamaihd.net/economy/image/-9a81dlWLwJ2UUGcVs_nsVtzdOEdtWwKGZZLQHTxDZ7I56KU0Zwwo4NUX4oFJZEHLbXH5ApeO4YmlhxYQknCRvCo04DEVlxkKgposbaqKAxf0Ob3djFN79eJg4GYg_L4MrXVqXlU6sB9teXI8oThxgbs_0tlajihJ4PAd1c8aAvWrwXsx-q9h8fqvZTNmic2uylz5SqJlxypwUYbBM1DXmo,,,CS.Money
ST,R$ 483.05,,,https://cs.money/assets/rs:fit:40:40:0/q:100/f:webp/dpr:1/plain/https://steamcdn-a.akamaihd.net/apps/730/icons/econ/stickers/chicken_capsule/nestegg_holo.7a152e213f9713a550dc00ca622e0360a760f29d.png,,,CS.Money
ST,R$ 483.05,,,https://cs.money/assets/rs:fit:140:105:0/q:100/f:webp/dpr:1/plain/https://steamcommunity-a.akamaihd.net/economy/image/-9a81dlWLwJ2UUGcVs_nsVtzdOEdtWwKGZZLQHTxDZ7I56KU0Zwwo4NUX4oFJZEHLbXH5ApeO4YmlhxYQknCRvCo04DEVlxkKgposbaqKAxf0Ob3djFN79eJg4GYg_L4MrXVqXlU6sB9teXI8oThxgbs_0tlajihJ4PAd1c8aAvWrwXsx-q9h8fqvZTNmic2uylz5SqJlxypwUYbBM1DXmo,,,CS.Money
ST,R$ 483.05,,,https://cs.money/assets/rs:fit:140:105:0/q:100/f:webp/dpr:1/plain/https://steamcommunity-a.akamaihd.net/economy/image/-9a81dlWLwJ2UUGcVs_nsVtzdOEdtWwKGZZLQHTxDZ7I56KU0Zwwo4NUX4oFJZEHLbXH5ApeO4YmlhxYQknCRvCo04DEVlxkKgposbaqKAxf0Ob3djFN79eJg4GYg_L4MrXVqXlU6sB9teXI8oThxgbs_0tlajihJ4PAd1c8aAvWrwXsx-q9h8fqvZTNmic2uylz5SqJlxypwUYbBM1DXmo,,,CS.Money
ST,R$ 483.05,,,https://cs.money/assets/rs:fit:140:105:0/q:100/f:webp/dpr:1/plain/https://steamcommunity-a.akamaihd.net/economy/image/-9a81dlWLwJ2UUGcVs_nsVtzdOEdtWwKGZZLQHTxDZ7I56KU0Zwwo4NUX4oFJZEHLbXH5ApeO4YmlhxYQknCRvCo04DEVlxkKgposbaqKAxf0Ob3djFN79eJg4GYg_L4MrXVqXlU6sB9teXI8oThxgbs_0tlajihJ4PAd1c8aAvWrwXsx-q9h8fqvZTNmic2uylz5SqJlxypwUYbBM1DXmo,,,CS.Money
ST,R$ 852.43,,,https://cs.money/assets/rs:fit:40:40:0/q:100/f:webp/dpr:1/plain/https://steamcdn-a.akamaihd.net/apps/730/icons/econ/stickers/london2018/tyl_holo.2312da6beace99caf05733f88646b47643fa4f41.png,,,CS.Money
ST,R$ 198Â 901.41,,,https://cs.money/assets/rs:fit:40:40:0/q:100/f:webp/dpr:1/plain/https://steamcdn-a.akamaihd.net/apps/730/icons/econ/stickers/emskatowice2014/voxeminor_holo.3e4c7106b2ae31abc7d49b875177907ec9ffa2e3.png,,,CS.Money
MW,R$ 124Â 686.50,,,https://cs.money/assets/rs:fit:140:105:0/q:100/f:webp/dpr:1/plain/https://steamcommunity-a.akamaihd.net/economy/image/-9a81dlWLwJ2UUGcVs_nsVtzdOEdtWwKGZZLQHTxDZ7I56KU0Zwwo4NUX4oFJZEHLbXH5ApeO4YmlhxYQknCRvCo04DAQ1JmMR1osbaqPQJz7ODYfi9W9eOxhoWOmcj4OrzZgiUGvpEn3-yUp9usiVXtqEJsZ2nycIaWdlU8aFHT_AO5yOu6hMTuvJic1zI97ZFyOF04,,,CS.Money
Sticker | Team LDLC.com (Holo) | Katowice 2014,R$ 113Â 657.92,,,https://steamcommunity-a.akamaihd.net/economy/image/-9a81dlWLwJ2UUGcVs_nsVtzdOEdtWwKGZZLQHTxDZ7I56KU0Zwwo4NUX4oFJZEHLbXQ9QVcJY8gulRYQV_bRvCiwMbQVg8kdFAYur6pKDho3P_HPzgTtI-wx9LelPT1a-qIkD8C65Yh3LuZod_x3AzlrxE_ZDv6JNLEcQUgIQaH6buXiJw,,,CS.Money
FN,R$ 252Â 573.26,,,https://cs.money/assets/rs:fit:140:105:0/q:100/f:webp/dpr:1/plain/https://steamcommunity-a.akamaihd.net/economy/image/-9a81dlWLwJ2UUGcVs_nsVtzdOEdtWwKGZZLQHTxDZ7I56KU0Zwwo4NUX4oFJZEHLbXH5ApeO4YmlhxYQknCRvCo04DEVlxkKgpovbSsLQJf0ebcZThQ6tCvq4GGqOT1I6vZn3lU18hwmOvN8IXvjVCLqSwwOj6rYJiTdQE7NQuEqFS7x7q9hpHovZrPmnpq6HJ24XmJzUDjgBpOarBug_fKVxzAUBpccViW,,,CS.Money
ST,R$ 397Â 802.93,,,https://cs.money/assets/rs:fit:40:40:0/q:100/f:webp/dpr:1/plain/https://steamcdn-a.akamaihd.net/apps/730/icons/econ/stickers/emskatowice2014/ibuypower_holo.95b031cd57d417d5859e322f8dfa90232eae3dda.png,,,CS.Money
ST,R$ 1Â 572.69,,,https://cs.money/assets/rs:fit:40:40:0/q:100/f:webp/dpr:1/plain/https://steamcdn-a.akamaihd.net/apps/730/icons/econ/stickers/sha2024/sig_donk_champion.decf3cc7037693654d6c38ac3d1dad46550213ce.png,,,CS.Money
ST,R$ 1Â 669.98,,,https://cs.money/assets/rs:fit:40:40:0/q:100/f:webp/dpr:1/plain/https://steamcdn-a.akamaihd.net/apps/730/icons/econ/stickers/illuminate_capsule_01/koi_2_foil.db26c2cc9368efab03eabe80cf99bca380f1aefb.png,,,CS.Money
ST,R$ 1Â 678.27,,,https://cs.money/assets/rs:fit:140:105:0/q:100/f:webp/dpr:1/plain/https://steamcommunity-a.akamaihd.net/economy/image/-9a81dlWLwJ2UUGcVs_nsVtzdOEdtWwKGZZLQHTxDZ7I56KU0Zwwo4NUX4oFJZEHLbXH5ApeO4YmlhxYQknCRvCo04DEVlxkKgpot7HxfDhjxszJemkV09-5gZKKkPLLMrfFqWdY781lxLuXpdih2lLl-UI6Nm-mI4DDdlM7Zl3XqwK2w-_m1MXouJXByHE16yM8pSGKfv1bl08,,,CS.Money
ST,R$ 1Â 789.37,,,https://cs.money/assets/rs:fit:140:105:0/q:100/f:webp/dpr:1/plain/https://steamcommunity-a.akamaihd.net/economy/image/-9a81dlWLwJ2UUGcVs_nsVtzdOEdtWwKGZZLQHTxDZ7I56KU0Zwwo4NUX4oFJZEHLbXH5ApeO4YmlhxYQknCRvCo04DEVlxkKgpot7HxfDhjxszJemkV09-5gZKKkPLLMrfFqWdY781lxLuW8Njw31Dn8xc_YTqmJ4DDJFM2ZwqE_ATtx-u7g8C5vpjOzHM263E8pSGKJ1XuG9M,,,CS.Money
ST,R$ 1Â 927.92,,,https://cs.money/assets/rs:fit:40:40:0/q:100/f:webp/dpr:1/plain/https://steamcdn-a.akamaihd.net/apps/730/icons/econ/stickers/boston2018/astr_holo.7feb43b4b93da8cd8f91ff3d6550c654b99e8930.png,,,CS.Money
ST,R$ 2Â 045.79,,,https://cs.money/assets/rs:fit:40:40:0/q:100/f:webp/dpr:1/plain/https://steamcdn-a.akamaihd.net/apps/730/icons/econ/stickers/krakow2017/sig_pasha_foil.9b260fe2a95832b7e02cd0719f531c305c82a22a.png,,,CS.Money
ST,R$ 2Â 980.74,,,https://cs.money/assets/rs:fit:40:40:0/q:100/f:webp/dpr:1/plain/https://steamcdn-a.akamaihd.net/apps/730/icons/econ/stickers/berlin2019/sig_niko_gold.cddaadf517737f5cb292d29f6195af1eff1812fd.png,,,CS.Money
ST,R$ 3Â 693.88,,,https://cs.money/assets/rs:fit:140:105:0/q:100/f:webp/dpr:1/plain/https://steamcommunity-a.akamaihd.net/economy/image/-9a81dlWLwJ2UUGcVs_nsVtzdOEdtWwKGZZLQHTxDZ7I56KU0Zwwo4NUX4oFJZEHLbXH5ApeO4YmlhxYQknCRvCo04DEVlxkKgpot7HxfDhjxszJemkV09-5gZKKkPLLMrfFqWdY781lxLuXpdih2lLl-UI6Nm-mI4DDdlM7Zl3XqwK2w-_m1MXouJXByHE16yM8pSGKfv1bl08,,,CS.Money
ST,R$ 18Â 310.30,,,https://cs.money/assets/rs:fit:40:40:0/q:100/f:webp/dpr:1/plain/https://steamcdn-a.akamaihd.net/apps/730/icons/econ/stickers/eslkatowice2015/voxeminor_holo.695e82b971a2e9be9fd9e6668a67fcdfb1b610f6.png,,,CS.Money
ST,R$ 312Â 559.39,,,https://cs.money/assets/rs:fit:40:40:0/q:100/f:webp/dpr:1/plain/https://steamcdn-a.akamaihd.net/apps/730/icons/econ/stickers/emskatowice2014/voxeminor_holo.e7b8db9cf0ec75282a657aec985133afe499710c.png,,,CS.Money
MW,R$ 104Â 565.28,,,https://cs.money/assets/rs:fit:140:105:0/q:100/f:webp/dpr:1/plain/https://steamcommunity-a.akamaihd.net/economy/image/-9a81dlWLwJ2UUGcVs_nsVtzdOEdtWwKGZZLQHTxDZ7I56KU0Zwwo4NUX4oFJZEHLbXH5ApeO4YmlhxYQknCRvCo04DAQ1JmMR1osbaqPQJz7ODYfi9W9eOmgZKbm_LLP7LWnn8fv8Qki7qZp9_02Q23rhc4amD3I4KdJAFvMgvQ_lm6kOq80MK4u8zOymwj5HddNdpRlg,,,CS.Money
FN,R$ 85Â 243.49,,,https://cs.money/assets/rs:fit:140:105:0/q:100/f:webp/dpr:1/plain/https://steamcommunity-a.akamaihd.net/economy/image/-9a81dlWLwJ2UUGcVs_nsVtzdOEdtWwKGZZLQHTxDZ7I56KU0Zwwo4NUX4oFJZEHLbXH5ApeO4YmlhxYQknCRvCo04DEVlxkKgpovbSsLQJf3qr3czxb49KzgL-Kmsj2P7rSnXtU6dd9teTA5475jV2urhcDPzCkfMKLcAE-aV3R-lO5l-e61sfqvZ2fyiBgvikqsXiMyRGw1U1Ja-dm06adSULeWfJvEZCxug,,,CS.Money
FN,R$ 99Â 450.73,,,https://cs.money/assets/rs:fit:140:105:0/q:100/f:webp/dpr:1/plain/https://steamcommunity-a.akamaihd.net/economy/image/-9a81dlWLwJ2UUGcVs_nsVtzdOEdtWwKGZZLQHTxDZ7I56KU0Zwwo4NUX4oFJZEHLbXH5ApeO4YmlhxYQknCRvCo04DEVlxkKgpovbSsLQJf3qr3czxb49KzgL-KmsjmJrnIqWZQ-sd9j-Db8IjKhF2zowdyMTz6d9DBcwE3Nw7S_gfrkufqjZS06sjMmyQwuyJwtHmJnxTl0BtPbfsv26JuOpzI3w,,,CS.Money
FN,R$ 102Â 286.50,,,https://cs.money/assets/rs:fit:140:105:0/q:100/f:webp/dpr:1/plain/https://steamcommunity-a.akamaihd.net/economy/image/-9a81dlWLwJ2UUGcVs_nsVtzdOEdtWwKGZZLQHTxDZ7I56KU0Zwwo4NUX4oFJZEHLbXH5ApeO4YmlhxYQknCRvCo04DEVlxkKgpovbSsLQJf3qr3czxb49KzgL-KmsjmJrnIqWZQ-sd9j-Db8IjKhF2zowdyMTz6d9DBcwE3Nw7S_gfrkufqjZS06sjMmyQwuyJwtHmJnxTl0BtPbfsv26JuOpzI3w,,,CS.Money
FN,R$ 102Â 292.18,,,https://cs.money/assets/rs:fit:140:105:0/q:100/f:webp/dpr:1/plain/https://steamcommunity-a.akamaihd.net/economy/image/-9a81dlWLwJ2UUGcVs_nsVtzdOEdtWwKGZZLQHTxDZ7I56KU0Zwwo4NUX4oFJZEHLbXH5ApeO4YmlhxYQknCRvCo04DEVlxkKgpovbSsLQJf3qr3czxb49KzgL-KmsjmJrnIqWZQ-sd9j-Db8IjKhF2zowdyMTz6d9DBcwE3Nw7S_gfrkufqjZS06sjMmyQwuyJwtHmJnxTl0BtPbfsv26JuOpzI3w,,,CS.Money
FN,R$ 88Â 084.93,,,https://cs.money/assets/rs:fit:40:40:0/q:100/f:webp/dpr:1/plain/https://steamcdn-a.akamaihd.net/apps/730/icons/econ/stickers/eslkatowice2015/titan.ec5f872517c77762c74f1461867c76f929d0a620.png,,,CS.Money
FN,R$ 96Â 609.28,,,https://cs.money/assets/rs:fit:40:40:0/q:100/f:webp/dpr:1/plain/https://steamcdn-a.akamaihd.net/apps/730/icons/econ/stickers/krakow2017/sig_kennys_foil.2640fcde65a1f5e1737857a4a86edfbc3a6f7d5a.png,,,CS.Money
FN,R$ 97Â 461.72,,,https://cs.money/assets/rs:fit:140:105:0/q:100/f:webp/dpr:1/plain/https://steamcommunity-a.akamaihd.net/economy/image/-9a81dlWLwJ2UUGcVs_nsVtzdOEdtWwKGZZLQHTxDZ7I56KU0Zwwo4NUX4oFJZEHLbXH5ApeO4YmlhxYQknCRvCo04DEVlxkKgpovbSsLQJf2PLacDBA5ciJlY20heL2KoTcl3lT5MB4kOzFyoD8j1yg5UNpazinLdKdcAY4ZFnWqAe2yObvh5a76Z_Pm3BlsnUm4i6LlhO1gBpSLrs4uQr2Rpc,,,CS.Money
FN,R$ 16Â 944.02,,,https://cs.money/assets/rs:fit:140:105:0/q:100/f:webp/dpr:1/plain/https://steamcommunity-a.akamaihd.net/economy/image/-9a81dlWLwJ2UUGcVs_nsVtzdOEdtWwKGZZLQHTxDZ7I56KU0Zwwo4NUX4oFJZEHLbXH5ApeO4YmlhxYQknCRvCo04DEVlxkKgpovbSsLQJf2PLacDBA5ciJlY20k_jkI7fUhFRB4MRij7r--YXygED68kNqZmCmJIPBdgY3aVHYqVi9wezsgcO_vc7KnCM1syNz5n7UzhOzhQYMMLL0qnyQMA,,,CS.Money
FN,R$ 16Â 944.02,,,https://cs.money/assets/rs:fit:140:105:0/q:100/f:webp/dpr:1/plain/https://steamcommunity-a.akamaihd.net/economy/image/-9a81dlWLwJ2UUGcVs_nsVtzdOEdtWwKGZZLQHTxDZ7I56KU0Zwwo4NUX4oFJZEHLbXH5ApeO4YmlhxYQknCRvCo04DEVlxkKgpovbSsLQJf2PLacDBA5ciJlY20k_jkI7fUhFRB4MRij7r--YXygED68kNqZmCmJIPBdgY3aVHYqVi9wezsgcO_vc7KnCM1syNz5n7UzhOzhQYMMLL0qnyQMA,,,CS.Money
FN,R$ 17Â 560.10,,,https://cs.money/assets/rs:fit:140:105:0/q:100/f:webp/dpr:1/plain/https://steamcommunity-a.akamaihd.net/economy/image/-9a81dlWLwJ2UUGcVs_nsVtzdOEdtWwKGZZLQHTxDZ7I56KU0Zwwo4NUX4oFJZEHLbXH5ApeO4YmlhxYQknCRvCo04DEVlxkKgpovbSsLQJf2PLacDBA5ciJlY20k_jkI7fUhFRB4MRij7r--YXygED68kNqZmCmJIPBdgY3aVHYqVi9wezsgcO_vc7KnCM1syNz5n7UzhOzhQYMMLL0qnyQMA,,,CS.Money
FN,R$ 38Â 964.46,,,https://cs.money/assets/rs:fit:140:105:0/q:100/f:webp/dpr:1/plain/https://steamcommunity-a.akamaihd.net/economy/image/-9a81dlWLwJ2UUGcVs_nsVtzdOEdtWwKGZZLQHTxDZ7I56KU0Zwwo4NUX4oFJZEHLbXH5ApeO4YmlhxYQknCRvCo04DEVlxkKgpovbSsLQJf2PLacDBA5ciJlY20k_jkI7fUhFRB4MRij7v--YXygED6-0ZvY2CmJYfDdldsaViC-lftwOzo0MK46cvKm3JnuSAjtHbeyRSwgwYMMLIlg6Autw,,,CS.Money
FN,R$ 96Â 603.60,,,https://cs.money/assets/rs:fit:140:105:0/q:100/f:webp/dpr:1/plain/https://steamcommunity-a.akamaihd.net/economy/image/-9a81dlWLwJ2UUGcVs_nsVtzdOEdtWwKGZZLQHTxDZ7I56KU0Zwwo4NUX4oFJZEHLbXH5ApeO4YmlhxYQknCRvCo04DEVlxkKgpovbSsLQJf2PLacDBA5ciJlY20heL2KoTcl3lT5MB4kOzFyoD8j1yg5UNpazinLdKdcAY4ZFnWqAe2yObvh5a76Z_Pm3BlsnUm4i6LlhO1gBpSLrs4uQr2Rpc,,,CS.Money
FN,R$ 75Â 866.70,,,https://cs.money/assets/rs:fit:40:40:0/q:100/f:webp/dpr:1/plain/https://steamcdn-a.akamaihd.net/apps/730/icons/econ/stickers/cs20/cs20_dragon_lore_foil.59dae768f395284e5c6e39f14865afc2d5bb0c8e.png,,,CS.Money
FN,R$ 79Â 276.44,,,https://cs.money/assets/rs:fit:40:40:0/q:100/f:webp/dpr:1/plain/https://steamcdn-a.akamaihd.net/apps/730/icons/econ/stickers/boston2018/sig_fallen_gold.5dcb7b5c2cd2b6504379da057fd4285f969e126b.png,,,CS.Money
FN,R$ 79Â 503.76,,,https://cs.money/assets/rs:fit:40:40:0/q:100/f:webp/dpr:1/plain/https://steamcdn-a.akamaihd.net/apps/730/icons/econ/stickers/cs20/cs20_anniversary_pixel_holo.051174ea80526af418a95ce4e359feffd9856dba.png,,,CS.Money
FN,R$ 84Â 106.91,,,https://cs.money/assets/rs:fit:140:105:0/q:100/f:webp/dpr:1/plain/https://steamcommunity-a.akamaihd.net/economy/image/-9a81dlWLwJ2UUGcVs_nsVtzdOEdtWwKGZZLQHTxDZ7I56KU0Zwwo4NUX4oFJZEHLbXH5ApeO4YmlhxYQknCRvCo04DEVlxkKgpot621FAR17P7NdTRH-t26q4SZlvD7PYTQgXtu5Mx2gv2PrdSijAWwqkVtN272JIGdJw46YVrYqVO3xLy-gJC9u5vByCBh6ygi7WGdwUKTYdRD8A,,,CS.Money
FN,R$ 84Â 106.91,,,https://cs.money/assets/rs:fit:40:40:0/q:100/f:webp/dpr:1/plain/https://steamcdn-a.akamaihd.net/apps/730/icons/econ/stickers/broken_fang/ancient_beast_foil.e99f3c191168effd31579defededa9b8cc5b881c.png,,,CS.Money
